priority,cells,avg_score,min_score,max_score,avg_forest,avg_wetland,avg_disturbance
High,28,0.6118724300633579,0.560661718142331,0.7416568164135077,0.8397015586165997,0.2688274319271931,0.23446426755177355
Medium,68,0.5171322345849321,0.4777491473230223,0.5602255465534094,0.7284459822482546,0.15380416009529957,0.26137168732518107
Low,40,0.43779794565735275,0.23339405147798603,0.4764203419320884,0.5586036809415509,0.14074610307046503,0.4108057710811467
