priority,cells,avg_score,min_score,max_score,avg_forest,avg_wetland,avg_disturbance
High,231,0.5394800957150994,0.5045097318836866,0.7893458989271079,0.7021784150208785,0.2654085707190997,0.2437412450565883
Medium,574,0.4752014200555012,0.44985036438956627,0.5043836845833105,0.6199641009559945,0.1685557516956423,0.26588713239813594
Low,345,0.42126358120730273,0.19490204266226532,0.44983643572813226,0.5246123565399213,0.1318967978283656,0.34201878976414757
