scenario,high_cells,medium_cells,low_cells,top20_overlap_with_base,mean_habitat_score
base,28,68,40,20,0.5133039545576729
biodiversity_plus10,28,68,40,17,0.48984668184963914
wetland_plus10,28,68,40,18,0.47228680643934134
disturbance_plus10,28,68,40,18,0.5512726150686779
